Model,Subject,Generation Time (seconds),CPU Usage (%),Memory Usage (MB),Token Count
Llama-3.2-1B-Instruct-Q4_K_M.gguf,IT,20.61,7.0,879.67,184
Llama-3.2-1B-Instruct-Q4_K_M.gguf,AI,4.39,4.0,803.48,81
Llama-3.2-1B-Instruct-Q4_K_M.gguf,football,7.42,2.0,831.68,114
Llama-3.2-1B-Instruct-Q4_K_M.gguf,hangfajl_rendes_leirat,22.67,8.9,911.38,168
Llama-3.2-1B-Instruct-Q4_K_M.gguf,hangfajl_whisper_leirat,22.61,5.7,931.73,175
Llama-3.2-1B-Instruct-Q4_K_M.gguf,hangfajl_beast_leirat,21.87,2.5,931.66,207
Llama-3.2-1B-Instruct-Q4_K_M.gguf,beast_2,159.0,7.8,1319.33,849
Llama-3.2-1B-Instruct-Q4_K_M.gguf,whisper_2,154.65,3.0,1319.15,530
Llama-3.2-1B-Instruct-Q4_K_M.gguf,whisper_2,157.98,3.3,1319.23,474
